id;program_user_id;email;level
1;Kansas Wyoming Investor;Ike_Torp27@gmail.com;19631
2;embrace Future-proofed;Buford_Hudson@gmail.com;12705
3;program Keyboard Supervisor;Mafalda12@yahoo.com;28943
4;index vertical input;Judy.Hagenes@hotmail.com;43359
5;Pants Handcrafted;Abigayle69@yahoo.com;47732
6;systematic;Elisha51@hotmail.com;66747
7;bandwidth;Catalina73@hotmail.com;91079
8;Cheese Rustic;Enola91@yahoo.com;85700
9;microchip bluetooth Reduced;Harmony.Marks22@gmail.com;53185
10;content IB plum;Summer.Ferry@hotmail.com;80874
